date,virtualMemory,residentMemory,sharedMemory,processorUsagePercent,processId
14:55:55,4280,676,608,0,1sh
14:55:55,123700,17572,13332,0,7circleci-a+
14:55:55,19744,3128,2840,0,30bash
14:55:55,42660,3376,2976,0,31top
14:55:55,4284,1324,1224,0,32sh
14:55:55,15616,3204,2956,0,40git
14:55:55,47268,5492,4780,0,41ssh
14:55:58,43184,14652,2788,84,43git
14:55:58,51532,9916,4976,50,41ssh
14:55:58,91184,5264,3212,17,40git
14:55:58,123764,17572,13332,1,7circleci-a+
14:55:58,4280,676,608,0,1sh
14:55:58,19744,3128,2840,0,30bash
14:55:58,42660,3376,2976,0,31top
14:55:58,4284,1324,1224,0,32sh
14:56:01,50492,30056,2788,93,43git
14:56:01,51532,9916,4976,61,41ssh
14:56:01,91184,5264,3212,10,40git
14:56:01,123764,17572,13332,1,7circleci-a+
14:56:01,4280,676,608,0,1sh
14:56:01,19744,3128,2840,0,30bash
14:56:01,42660,3376,2976,0,31top
14:56:01,4284,1324,1224,0,32sh
14:56:04,273768,42712,2788,119,43git
14:56:04,51532,9916,4976,32,41ssh
14:56:04,91184,5268,3212,6,40git
14:56:04,123764,17572,13332,1,7circleci-a+
14:56:04,4280,676,608,0,1sh
14:56:04,19744,3128,2840,0,30bash
14:56:04,42660,3376,2976,0,31top
14:56:04,4284,1324,1224,0,32sh
14:56:07,268632,56660,2788,100,43git
14:56:07,123764,17572,13332,2,7circleci-a+
14:56:07,4280,676,608,0,1sh
14:56:07,19744,3128,2840,0,30bash
14:56:07,42660,3376,2976,0,31top
14:56:07,4284,1324,1224,0,32sh
14:56:07,91184,5268,3212,0,40git
14:56:07,51532,9916,4976,0,41ssh
14:56:10,2147483647,38816,16508,9,69java
14:56:10,123764,17572,13332,1,7circleci-a+
14:56:10,4280,676,608,0,1sh
14:56:10,19744,3128,2840,0,30bash
14:56:10,42660,3376,2976,0,31top
14:56:10,19744,3208,2920,0,67bash
14:56:13,19520,4380,2992,17,216git
14:56:13,51284,9652,4860,16,214ssh
14:56:13,23928,3600,3276,3,213git
14:56:13,123764,18172,13712,1,7circleci-a+
14:56:13,4280,676,608,0,1sh
14:56:13,19744,3128,2840,0,30bash
14:56:13,42660,3376,2976,0,31top
14:56:13,15616,1056,908,0,138git
14:56:13,4424,1532,1376,0,179git-submod+
14:56:13,4424,252,0,0,203git-submod+
14:56:13,4424,252,0,0,204git-submod+
14:56:13,16408,4100,3028,0,205git
14:56:13,15616,1136,988,0,212git
14:56:16,22744,8748,2992,97,216git
14:56:16,51432,9652,4860,76,214ssh
14:56:16,23928,3600,3276,13,213git
14:56:16,4280,676,608,0,1sh
14:56:16,123764,18172,13712,0,7circleci-a+
14:56:16,19744,3128,2840,0,30bash
14:56:16,42660,3376,2976,0,31top
14:56:16,15616,1056,908,0,138git
14:56:16,4424,1532,1376,0,179git-submod+
14:56:16,4424,252,0,0,203git-submod+
14:56:16,4424,252,0,0,204git-submod+
14:56:16,16408,4100,3028,0,205git
14:56:16,15616,1136,988,0,212git
14:56:19,404784,115740,80832,27,285git
14:56:19,123764,18172,13712,0,7circleci-a+
14:56:19,4280,676,608,0,1sh
14:56:19,19744,3128,2840,0,30bash
14:56:19,42660,3376,2976,0,31top
14:56:19,15616,1056,908,0,138git
14:56:19,4424,1532,1376,0,179git-submod+
14:56:19,4424,1232,976,0,204git-submod+
14:56:22,6834160,337908,16632,117,340java
14:56:22,123764,18172,13712,10,7circleci-a+
14:56:22,4280,676,608,0,1sh
14:56:22,19744,3128,2840,0,30bash
14:56:22,42660,3376,2976,0,31top
14:56:25,6836120,353936,18144,127,340java
14:56:25,123764,18172,13712,2,7circleci-a+
14:56:25,4280,676,608,0,1sh
14:56:25,19744,3128,2840,0,30bash
14:56:25,42660,3376,2976,0,31top
14:56:28,7783892,405364,24176,245,401java
14:56:28,7118452,372736,21060,35,340java
14:56:28,4280,676,608,0,1sh
14:56:28,123764,18172,13712,0,7circleci-a+
14:56:28,19744,3128,2840,0,30bash
14:56:28,42660,3376,2976,0,31top
14:56:31,7787988,798348,24224,400,401java
14:56:31,7118452,370076,21060,1,340java
14:56:31,4280,676,608,0,1sh
14:56:31,123764,18172,13712,0,7circleci-a+
14:56:31,19744,3128,2840,0,30bash
14:56:31,42660,3376,2976,0,31top
14:56:34,7790036,966480,24224,219,401java
14:56:34,7118452,370200,21060,1,340java
14:56:34,4280,676,608,0,1sh
14:56:34,123764,18172,13712,0,7circleci-a+
14:56:34,19744,3128,2840,0,30bash
14:56:34,42660,3376,2976,0,31top
14:56:37,7790044,961476,24232,220,401java
14:56:37,7118452,370240,21060,0,340java
14:56:37,4280,676,608,0,1sh
14:56:37,123764,18172,13712,0,7circleci-a+
14:56:37,19744,3128,2840,0,30bash
14:56:37,42660,3376,2976,0,31top
14:56:41,7812648,1031798784,24308,390,401java
14:56:41,42660,3376,2976,0,31top
14:56:41,4280,676,608,0,1sh
14:56:41,123764,18172,13712,0,7circleci-a+
14:56:41,19744,3128,2840,0,30bash
14:56:41,7118452,370240,21060,0,340java
14:56:44,7818792,1095216640,24308,505,401java
14:56:44,7118452,370240,21060,0,340java
14:56:44,4280,676,608,0,1sh
14:56:44,123764,18172,13712,0,7circleci-a+
14:56:44,19744,3128,2840,0,30bash
14:56:44,42660,3376,2976,0,31top
14:56:47,7837520,1151051264,24552,454,401java
14:56:47,7118452,370240,21060,0,340java
14:56:47,4280,676,608,0,1sh
14:56:47,123764,18172,13712,0,7circleci-a+
14:56:47,19744,3128,2840,0,30bash
14:56:47,42660,3376,2976,0,31top
14:56:50,9969616,1170378624,24552,164,401java
14:56:50,7118452,370512,21060,3,340java
14:56:50,4280,676,608,0,1sh
14:56:50,123764,18172,13712,0,7circleci-a+
14:56:50,19744,3128,2840,0,30bash
14:56:50,42660,3376,2976,0,31top
14:56:53,9978084,1210107008,30972,324,401java
14:56:53,7118452,370736,21060,1,340java
14:56:53,123764,18172,13712,0,7circleci-a+
14:56:53,4280,676,608,0,1sh
14:56:53,19744,3128,2840,0,30bash
14:56:53,42660,3376,2976,0,31top
14:56:56,2147483647,1230508160,30984,496,401java
14:56:56,7118452,371616,21060,4,340java
14:56:56,42660,3376,2976,0,31top
14:56:56,4280,676,608,0,1sh
14:56:56,123764,18172,13712,0,7circleci-a+
14:56:56,19744,3128,2840,0,30bash
14:56:59,7384028,306432,19648,216,544java
14:56:59,2147483647,1215475712,31004,55,401java
14:56:59,123764,18172,13712,0,7circleci-a+
14:56:59,4280,676,608,0,1sh
14:56:59,19744,3128,2840,0,30bash
14:56:59,42660,3376,2976,0,31top
14:56:59,7118452,371616,21060,0,340java
14:57:02,7407048,499556,24268,317,544java
14:57:02,2147483647,1215475712,31004,1,401java
14:57:02,4280,676,608,0,1sh
14:57:02,123764,18172,13712,0,7circleci-a+
14:57:02,19744,3128,2840,0,30bash
14:57:02,42660,3376,2976,0,31top
14:57:02,7118452,371616,21060,0,340java
14:57:05,2147483647,1235876864,31188,183,401java
14:57:05,7402064,505392,19284,16,544java
14:57:05,7118452,371616,21060,1,340java
14:57:05,4280,676,608,0,1sh
14:57:05,123764,18172,13712,0,7circleci-a+
14:57:05,19744,3128,2840,0,30bash
14:57:05,42660,3376,2976,0,31top
14:57:08,2147483647,1239098112,31188,74,401java
14:57:08,7118452,371616,21060,1,340java
14:57:08,7402064,491500,19284,0,544java
14:57:08,4280,676,608,0,1sh
14:57:08,123764,18172,13712,0,7circleci-a+
14:57:08,19744,3128,2840,0,30bash
14:57:08,42660,3376,2976,0,31top
14:57:11,2147483647,1240171776,31188,37,401java
14:57:11,7118452,376420,21060,7,340java
14:57:11,4280,676,608,0,1sh
14:57:11,123764,18172,13712,0,7circleci-a+
14:57:11,19744,3128,2840,0,30bash
14:57:11,42660,3376,2976,0,31top
14:57:11,7402064,491500,19284,0,544java
14:57:14,2147483647,1242319232,31188,245,401java
14:57:14,7118452,376420,21060,2,340java
14:57:14,4280,676,608,0,1sh
14:57:14,123764,18172,13712,0,7circleci-a+
14:57:14,19744,3128,2840,0,30bash
14:57:14,42660,3376,2976,0,31top
14:57:14,7402064,491500,19284,0,544java
14:57:17,2147483647,1265941632,39164,165,401java
14:57:17,123764,18172,13712,0,7circleci-a+
14:57:17,7402064,491500,19284,0,544java
14:57:17,4280,676,608,0,1sh
14:57:17,19744,3128,2840,0,30bash
14:57:17,42660,3376,2976,0,31top
14:57:17,7118452,372676,21060,0,340java
14:57:20,2147483647,1300301312,39168,297,401java
14:57:20,42660,3376,2976,0,31top
14:57:20,7118452,372676,21060,0,340java
14:57:20,4280,676,608,0,1sh
14:57:20,123764,18172,13712,0,7circleci-a+
14:57:20,19744,3128,2840,0,30bash
14:57:20,7402064,491500,19284,0,544java
14:57:23,2147483647,1298153856,39168,174,401java
14:57:23,4280,676,608,0,1sh
14:57:23,123764,18172,13712,0,7circleci-a+
14:57:23,19744,3128,2840,0,30bash
14:57:23,42660,3376,2976,0,31top
14:57:23,7118452,372676,21060,0,340java
14:57:23,7402064,491500,19284,0,544java
14:57:26,2147483647,1312112512,39168,202,401java
14:57:26,7118452,376584,21060,3,340java
14:57:26,123764,18172,13712,0,7circleci-a+
14:57:26,4280,676,608,0,1sh
14:57:26,19744,3128,2840,0,30bash
14:57:26,42660,3376,2976,0,31top
14:57:26,7402064,491500,19284,0,544java
14:57:29,2147483647,1333587328,40928,244,401java
14:57:29,7118452,376584,21060,0,340java
14:57:29,7402064,491500,19284,0,544java
14:57:29,4280,676,608,0,1sh
14:57:29,123764,18172,13712,0,7circleci-a+
14:57:29,19744,3128,2840,0,30bash
14:57:29,42660,3376,2976,0,31top
14:57:32,2147483647,1348619776,40928,383,401java
14:57:32,7118452,373476,21060,1,340java
14:57:32,123764,18172,13712,0,7circleci-a+
14:57:32,4280,676,608,0,1sh
14:57:32,19744,3128,2840,0,30bash
14:57:32,42660,3376,2976,0,31top
14:57:32,7402064,491500,19284,0,544java
14:57:35,2147483647,1357209728,40928,101,401java
14:57:35,7118452,373476,21060,0,340java
14:57:35,4280,676,608,0,1sh
14:57:35,123764,18172,13712,0,7circleci-a+
14:57:35,19744,3128,2840,0,30bash
14:57:35,42660,3376,2976,0,31top
14:57:35,7402064,491500,19284,0,544java
14:57:38,2147483647,1357209728,40928,63,401java
14:57:38,7118452,373476,21060,1,340java
14:57:38,4280,676,608,0,1sh
14:57:38,123764,18172,13712,0,7circleci-a+
14:57:38,19744,3128,2840,0,30bash
14:57:38,42660,3376,2976,0,31top
14:57:38,7402064,491500,19284,0,544java
14:57:41,2147483647,1358283392,40928,11,401java
14:57:41,7118452,373476,21060,0,340java
14:57:41,4280,676,608,0,1sh
14:57:41,123764,18172,13712,0,7circleci-a+
14:57:41,19744,3128,2840,0,30bash
14:57:41,42660,3376,2976,0,31top
14:57:41,7402064,491500,19284,0,544java
14:57:44,2147483647,1358283392,40928,11,401java
14:57:44,7118452,373476,21060,0,340java
14:57:44,7402064,491500,19284,0,544java
14:57:44,4280,676,608,0,1sh
14:57:44,123764,18172,13712,0,7circleci-a+
14:57:44,19744,3128,2840,0,30bash
14:57:44,42660,3376,2976,0,31top
14:57:47,2147483647,1358283392,40928,12,401java
14:57:47,7118452,373476,21060,0,340java
14:57:47,4280,676,608,0,1sh
14:57:47,123764,18172,13712,0,7circleci-a+
14:57:47,19744,3128,2840,0,30bash
14:57:47,42660,3376,2976,0,31top
14:57:47,7402064,491500,19284,0,544java
14:57:50,2147483647,1358283392,40928,12,401java
14:57:50,7118452,373476,21060,0,340java
14:57:50,4280,676,608,0,1sh
14:57:50,123764,18172,13712,0,7circleci-a+
14:57:50,19744,3128,2840,0,30bash
14:57:50,42660,3376,2976,0,31top
14:57:50,7402064,491500,19284,0,544java
14:57:53,2147483647,1358283392,40928,36,401java
14:57:53,7118452,373476,21060,0,340java
14:57:53,4280,676,608,0,1sh
14:57:53,123764,18172,13712,0,7circleci-a+
14:57:53,19744,3128,2840,0,30bash
14:57:53,42660,3376,2976,0,31top
14:57:53,7402064,491500,19284,0,544java
14:57:56,2147483647,1358283392,40928,17,401java
14:57:56,7118452,373476,21060,0,340java
14:57:56,7402064,491500,19284,0,544java
14:57:56,4280,676,608,0,1sh
14:57:56,123764,18172,13712,0,7circleci-a+
14:57:56,19744,3128,2840,0,30bash
14:57:56,42660,3376,2976,0,31top
14:57:59,2147483647,1359357184,40928,46,401java
14:57:59,123764,18172,13712,0,7circleci-a+
14:57:59,4280,676,608,0,1sh
14:57:59,19744,3128,2840,0,30bash
14:57:59,42660,3376,2976,0,31top
14:57:59,7118452,373476,21060,0,340java
14:57:59,7402064,491500,19284,0,544java
14:58:02,2147483647,1363652096,40928,64,401java
14:58:02,4280,676,608,0,1sh
14:58:02,123764,18172,13712,0,7circleci-a+
14:58:02,19744,3128,2840,0,30bash
14:58:02,42660,3376,2976,0,31top
14:58:02,7118452,373476,21060,0,340java
14:58:02,7402064,491500,19284,0,544java
14:58:05,2147483647,1363652096,40928,7,401java
14:58:05,7118452,373476,21060,0,340java
14:58:05,4280,676,608,0,1sh
14:58:05,123764,18172,13712,0,7circleci-a+
14:58:05,19744,3128,2840,0,30bash
14:58:05,42660,3376,2976,0,31top
14:58:05,7402064,491500,19284,0,544java
14:58:08,2147483647,1392643200,40928,122,401java
14:58:08,7118452,376108,21060,3,340java
14:58:08,123764,18172,13712,0,7circleci-a+
14:58:08,4280,676,608,0,1sh
14:58:08,19744,3128,2840,0,30bash
14:58:08,42660,3376,2976,0,31top
14:58:08,7402064,491500,19284,0,544java
14:58:11,2147483647,1483911168,40928,785,401java
14:58:11,7118452,377476,21060,8,340java
14:58:11,123764,18172,13712,1,7circleci-a+
14:58:11,4280,676,608,0,1sh
14:58:11,19744,3128,2840,0,30bash
14:58:11,42660,3376,2976,0,31top
14:58:11,7402064,491500,19284,0,544java
14:58:14,2147483647,1705102080,40928,839,401java
14:58:14,7118452,377476,21060,3,340java
14:58:14,123764,18172,13712,1,7circleci-a+
14:58:14,42660,3376,2976,0,31top
14:58:14,4280,676,608,0,1sh
14:58:14,19744,3128,2840,0,30bash
14:58:14,7402064,491500,19284,0,544java
14:58:17,7385040,288172,20428,210,661java
14:58:17,2147483647,1667521024,40728,84,401java
14:58:17,7118452,455908,20848,16,340java
14:58:17,7402064,491276,19060,0,544java
14:58:17,4280,676,608,0,1sh
14:58:17,123764,18172,13712,0,7circleci-a+
14:58:17,19744,2920,2632,0,30bash
14:58:17,42660,3168,2768,0,31top
14:58:20,7404092,472644,19024,325,661java
14:58:20,2147483647,1667521024,40728,8,401java
14:58:20,123764,18172,13712,0,7circleci-a+
14:58:20,7118452,455908,20848,0,340java
14:58:20,4280,676,608,0,1sh
14:58:20,19744,2920,2632,0,30bash
14:58:20,42660,3168,2768,0,31top
14:58:20,7402064,491276,19060,0,544java
14:58:23,2147483647,1698659584,40724,359,401java
14:58:23,7474084,599252,20404,155,661java
14:58:23,123764,18172,13712,0,7circleci-a+
14:58:23,7402064,491260,19044,0,544java
14:58:23,4280,676,608,0,1sh
14:58:23,19744,2920,2632,0,30bash
14:58:23,42660,3168,2768,0,31top
14:58:23,7118452,455896,20836,0,340java
14:58:26,7476800,706452,19024,522,661java
14:58:26,2147483647,1699733248,40724,34,401java
14:58:26,7118452,455896,20836,0,340java
14:58:26,4280,676,608,0,1sh
14:58:26,123764,18172,13712,0,7circleci-a+
14:58:26,19744,2920,2632,0,30bash
14:58:26,42660,3168,2768,0,31top
14:58:26,7402064,491260,19044,0,544java
14:58:29,2147483647,1745904256,41348,555,401java
14:58:29,7118452,455896,20836,1,340java
14:58:29,123764,18172,13712,1,7circleci-a+
14:58:29,7476800,706840,19024,1,661java
14:58:29,4280,676,608,0,1sh
14:58:29,19744,2920,2632,0,30bash
14:58:29,42660,3168,2768,0,31top
14:58:29,7402064,491256,19044,0,544java
14:58:32,2147483647,1758789120,38680,343,401java
14:58:32,19396,5184,4620,8,776aapt2
14:58:32,19552,5204,4596,7,780aapt2
14:58:32,19796,5508,4652,7,777aapt2
14:58:32,19660,5264,4572,7,778aapt2
14:58:32,19656,5408,4692,6,779aapt2
14:58:32,19684,5444,4636,6,775aapt2
14:58:32,19376,5052,4512,5,774aapt2
14:58:32,19380,5092,4548,5,781aapt2
14:58:32,7476800,691680,19024,0,661java
14:58:32,4280,676,608,0,1sh
14:58:32,123764,18172,13712,0,7circleci-a+
14:58:32,19744,2920,2632,0,30bash
14:58:32,42660,3168,2768,0,31top
14:58:32,7118452,454028,18968,0,340java
14:58:32,7402064,491252,19040,0,544java
14:58:35,7545412,778172,18988,206,661java
14:58:35,2147483647,1753420416,31208,88,401java
14:58:35,43652,29568,4824,32,778aapt2
14:58:35,123764,18172,13712,0,7circleci-a+
14:58:35,42660,3168,2768,0,31top
14:58:35,4280,676,608,0,1sh
14:58:35,19744,2920,2632,0,30bash
14:58:35,7118452,452508,17448,0,340java
14:58:35,7402064,490964,18752,0,544java
14:58:35,19376,5052,4512,0,774aapt2
14:58:35,19684,5444,4636,0,775aapt2
14:58:35,19396,5184,4620,0,776aapt2
14:58:35,19796,5508,4652,0,777aapt2
14:58:35,19656,5408,4692,0,779aapt2
14:58:35,19552,5204,4596,0,780aapt2
14:58:35,19380,5092,4548,0,781aapt2
14:58:38,7815044,880672,20312,537,661java
14:58:38,2147483647,1758789120,27664,167,401java
14:58:38,7118452,452308,17248,1,340java
14:58:38,4280,676,608,0,1sh
14:58:38,123764,18172,13712,0,7circleci-a+
14:58:38,19744,2920,2632,0,30bash
14:58:38,42660,3164,2764,0,31top
14:58:38,7402064,489244,17032,0,544java
14:58:38,19376,5052,4512,0,774aapt2
14:58:38,19684,5444,4636,0,775aapt2
14:58:38,19396,5184,4620,0,776aapt2
14:58:38,19796,5508,4652,0,777aapt2
14:58:38,43652,29568,4824,0,778aapt2
14:58:38,19656,5408,4692,0,779aapt2
14:58:38,19552,5204,4596,0,780aapt2
14:58:38,19380,5092,4548,0,781aapt2
14:58:41,7815792,912148,18804,602,661java
14:58:41,2147483647,1760936576,26528,112,401java
14:58:41,123764,18172,13712,0,7circleci-a+
14:58:41,7402064,489244,17032,0,544java
14:58:41,4280,676,608,0,1sh
14:58:41,19744,2920,2632,0,30bash
14:58:41,42660,3164,2764,0,31top
14:58:41,7118452,452276,17216,0,340java
14:58:41,19376,5052,4512,0,774aapt2
14:58:41,19684,5444,4636,0,775aapt2
14:58:41,19396,5184,4620,0,776aapt2
14:58:41,19796,5508,4652,0,777aapt2
14:58:41,43652,29568,4824,0,778aapt2
14:58:41,19656,5408,4692,0,779aapt2
14:58:41,19552,5204,4596,0,780aapt2
14:58:41,19380,5092,4548,0,781aapt2
14:58:44,7950228,950300,18820,457,661java
14:58:44,2147483647,1767379072,21864,190,401java
14:58:44,123764,18172,13712,0,7circleci-a+
14:58:44,42660,3164,2764,0,31top
14:58:44,7118452,452236,17176,0,340java
14:58:44,4280,676,608,0,1sh
14:58:44,19744,2920,2632,0,30bash
14:58:44,7402064,489244,17032,0,544java
14:58:44,19376,5052,4512,0,774aapt2
14:58:44,19684,5444,4636,0,775aapt2
14:58:44,19396,5184,4620,0,776aapt2
14:58:44,19796,5508,4652,0,777aapt2
14:58:44,43652,29568,4824,0,778aapt2
14:58:44,19656,5408,4692,0,779aapt2
14:58:44,19552,5204,4596,0,780aapt2
14:58:44,19380,5092,4548,0,781aapt2
14:58:47,7951060,928680,17608,157,661java
14:58:47,2147483647,1772747776,21008,137,401java
14:58:47,4280,676,608,0,1sh
14:58:47,123764,18172,13712,0,7circleci-a+
14:58:47,19744,2920,2632,0,30bash
14:58:47,42660,3164,2764,0,31top
14:58:47,7118452,452232,17172,0,340java
14:58:47,7402064,489244,17032,0,544java
14:58:47,19376,5052,4512,0,774aapt2
14:58:47,19684,5444,4636,0,775aapt2
14:58:47,19396,5184,4620,0,776aapt2
14:58:47,19796,5508,4652,0,777aapt2
14:58:47,43652,29568,4824,0,778aapt2
14:58:47,19656,5408,4692,0,779aapt2
14:58:47,19552,5204,4596,0,780aapt2
14:58:47,19380,5092,4548,0,781aapt2
14:58:50,7952780,1163936128,17712,670,661java
14:58:50,2147483647,1768452736,16516,1,401java
14:58:50,123764,18172,13712,0,7circleci-a+
14:58:50,4280,676,608,0,1sh
14:58:50,19744,2920,2632,0,30bash
14:58:50,42660,3048,2648,0,31top
14:58:50,7118452,450056,14996,0,340java
14:58:50,7402064,487116,14904,0,544java
14:58:50,19376,5052,4512,0,774aapt2
14:58:50,19684,5444,4636,0,775aapt2
14:58:50,19396,5184,4620,0,776aapt2
14:58:50,19796,5508,4652,0,777aapt2
14:58:50,43652,29568,4824,0,778aapt2
14:58:50,19656,5408,4692,0,779aapt2
14:58:50,19552,5204,4596,0,780aapt2
14:58:50,19380,5092,4548,0,781aapt2
14:58:53,7952816,1292785152,16708,493,661java
14:58:53,7402064,486120,13908,0,544java
14:58:53,4280,676,608,0,1sh
14:58:53,123764,18172,13712,0,7circleci-a+
14:58:53,19744,2920,2632,0,30bash
14:58:53,42660,3044,2644,0,31top
14:58:53,7118452,449036,13976,0,340java
14:58:53,2147483647,1767379072,15400,0,401java
14:58:53,19376,4976,4436,0,774aapt2
14:58:53,19684,5368,4560,0,775aapt2
14:58:53,19396,5108,4544,0,776aapt2
14:58:53,19796,5432,4576,0,777aapt2
14:58:53,43652,29492,4748,0,778aapt2
14:58:53,19656,5332,4616,0,779aapt2
14:58:53,19552,5128,4520,0,780aapt2
14:58:53,19380,5016,4472,0,781aapt2
14:58:56,7954860,1369020800,16896,638,661java
14:58:56,2147483647,1767379072,15360,1,401java
14:58:56,4280,676,608,0,1sh
14:58:56,123764,18172,13712,0,7circleci-a+
14:58:56,19744,2920,2632,0,30bash
14:58:56,42660,3044,2644,0,31top
14:58:56,7118452,449016,13956,0,340java
14:58:56,7402064,486120,13908,0,544java
14:58:56,19376,4976,4436,0,774aapt2
14:58:56,19684,5368,4560,0,775aapt2
14:58:56,19396,5108,4544,0,776aapt2
14:58:56,19796,5432,4576,0,777aapt2
14:58:56,43652,29492,4748,0,778aapt2
14:58:56,19656,5332,4616,0,779aapt2
14:58:56,19552,5128,4520,0,780aapt2
14:58:56,19380,5016,4472,0,781aapt2
14:58:59,7954908,1372242048,17052,375,661java
14:58:59,123764,18172,13712,0,7circleci-a+
14:58:59,7118452,449016,13956,0,340java
14:58:59,4280,676,608,0,1sh
14:58:59,19744,2920,2632,0,30bash
14:58:59,42660,3044,2644,0,31top
14:58:59,2147483647,1767379072,15360,0,401java
14:58:59,7402064,486120,13908,0,544java
14:58:59,19376,4976,4436,0,774aapt2
14:58:59,19684,5368,4560,0,775aapt2
14:58:59,19396,5108,4544,0,776aapt2
14:58:59,19796,5432,4576,0,777aapt2
14:58:59,43652,29492,4748,0,778aapt2
14:58:59,19656,5332,4616,0,779aapt2
14:58:59,19552,5128,4520,0,780aapt2
14:58:59,19380,5016,4472,0,781aapt2
14:59:02,7954872,1366873344,17028,299,661java
14:59:02,2147483647,1767379072,15360,0,401java
14:59:02,7402064,486120,13908,0,544java
14:59:02,4280,676,608,0,1sh
14:59:02,123764,18172,13712,0,7circleci-a+
14:59:02,19744,2920,2632,0,30bash
14:59:02,42660,3044,2644,0,31top
14:59:02,7118452,449016,13956,0,340java
14:59:02,19376,4976,4436,0,774aapt2
14:59:02,19684,5368,4560,0,775aapt2
14:59:02,19396,5108,4544,0,776aapt2
14:59:02,19796,5432,4576,0,777aapt2
14:59:02,43652,29492,4748,0,778aapt2
14:59:02,19656,5332,4616,0,779aapt2
14:59:02,19552,5128,4520,0,780aapt2
14:59:02,19380,5016,4472,0,781aapt2
14:59:05,7954872,1370094592,17052,332,661java
14:59:05,7118452,449016,13956,0,340java
14:59:05,2147483647,1767379072,15360,0,401java
14:59:05,4280,676,608,0,1sh
14:59:05,123764,18172,13712,0,7circleci-a+
14:59:05,19744,2920,2632,0,30bash
14:59:05,42660,3044,2644,0,31top
14:59:05,7402064,486120,13908,0,544java
14:59:05,19376,4976,4436,0,774aapt2
14:59:05,19684,5368,4560,0,775aapt2
14:59:05,19396,5108,4544,0,776aapt2
14:59:05,19796,5432,4576,0,777aapt2
14:59:05,43652,29492,4748,0,778aapt2
14:59:05,19656,5332,4616,0,779aapt2
14:59:05,19552,5128,4520,0,780aapt2
14:59:05,19380,5016,4472,0,781aapt2
14:59:08,7954888,1408749312,16376,376,661java
14:59:08,2147483647,1766305280,14684,0,401java
14:59:08,4280,316,248,0,1sh
14:59:08,123764,18172,13712,0,7circleci-a+
14:59:08,19744,2364,2076,0,30bash
14:59:08,42660,2424,2024,0,31top
14:59:08,7118452,448344,13284,0,340java
14:59:08,7402064,485448,13236,0,544java
14:59:08,19376,4364,3824,0,774aapt2
14:59:08,19684,4756,3948,0,775aapt2
14:59:08,19396,4516,3952,0,776aapt2
14:59:08,19796,4812,3956,0,777aapt2
14:59:08,43652,28920,4176,0,778aapt2
14:59:08,19656,4720,4004,0,779aapt2
14:59:08,19552,4544,3936,0,780aapt2
14:59:08,19380,4432,3888,0,781aapt2
14:59:11,7954844,1495722368,9700,316,661java
14:59:11,7118452,443584,8524,0,340java
14:59:11,2147483647,1759862912,8552,0,401java
14:59:11,4280,300,232,0,1sh
14:59:11,123764,18172,13712,0,7circleci-a+
14:59:11,19744,2128,1840,0,30bash
14:59:11,42660,2168,1768,0,31top
14:59:11,7402064,480672,8460,0,544java
14:59:11,19376,1420,880,0,774aapt2
14:59:11,19684,1720,912,0,775aapt2
14:59:11,19396,1476,912,0,776aapt2
14:59:11,19796,1776,920,0,777aapt2
14:59:11,43652,25696,952,0,778aapt2
14:59:11,19656,1628,912,0,779aapt2
14:59:11,19552,1512,904,0,780aapt2
14:59:11,19380,1420,876,0,781aapt2
14:59:14,7954836,1515049728,9960,256,661java
14:59:14,4280,300,232,0,1sh
14:59:14,123764,18172,13712,0,7circleci-a+
14:59:14,19744,2128,1840,0,30bash
14:59:14,42660,2168,1768,0,31top
14:59:14,7118452,443584,8524,0,340java
14:59:14,2147483647,1759862912,8552,0,401java
14:59:14,7402064,480672,8460,0,544java
14:59:14,19376,1420,880,0,774aapt2
14:59:14,19684,1720,912,0,775aapt2
14:59:14,19396,1476,912,0,776aapt2
14:59:14,19796,1776,920,0,777aapt2
14:59:14,43652,25696,952,0,778aapt2
14:59:14,19656,1628,912,0,779aapt2
14:59:14,19552,1512,904,0,780aapt2
14:59:14,19380,1420,876,0,781aapt2
14:59:25,7954772,1532229632,0,352,661java
14:59:25,2147483647,1752346624,0,32,401java
14:59:25,7402064,473448,0,14,544java
14:59:25,7118452,436116,0,12,340java
14:59:25,42660,1012,728,7,31top
14:59:25,4280,68,0,0,1sh
14:59:25,123764,18172,13712,0,7circleci-a+
14:59:25,19744,1336,1048,0,30bash
14:59:25,19376,632,92,0,774aapt2
14:59:25,19684,888,80,0,775aapt2
14:59:25,19396,648,84,0,776aapt2
14:59:25,19796,940,84,0,777aapt2
14:59:25,43652,24836,92,0,778aapt2
14:59:25,19656,796,80,0,779aapt2
14:59:25,19552,700,92,0,780aapt2
14:59:25,19380,636,92,0,781aapt2
14:59:28,2147483647,1786706432,3980,72,401java
14:59:28,7118452,436328,0,11,340java
14:59:28,42660,2384,1936,9,31top
14:59:28,7402064,473448,0,4,544java
14:59:28,4280,68,0,0,1sh
14:59:28,123764,18172,13712,0,7circleci-a+
14:59:28,19744,1336,1048,0,30bash
14:59:28,19376,632,92,0,774aapt2
14:59:28,19684,888,80,0,775aapt2
14:59:28,19396,648,84,0,776aapt2
14:59:28,19796,940,84,0,777aapt2
14:59:28,43652,24836,92,0,778aapt2
14:59:28,19656,796,80,0,779aapt2
14:59:28,19552,700,92,0,780aapt2
14:59:28,19380,636,92,0,781aapt2
14:59:31,2147483647,1808181248,10928,388,401java
14:59:31,4280,68,0,0,1sh
14:59:31,123764,18172,13712,0,7circleci-a+
14:59:31,19744,1336,1048,0,30bash
14:59:31,42660,2384,1936,0,31top
14:59:31,7118452,436328,0,0,340java
14:59:31,7402064,473448,0,0,544java
14:59:31,19376,632,92,0,774aapt2
14:59:31,19684,888,80,0,775aapt2
14:59:31,19396,648,84,0,776aapt2
14:59:31,19796,940,84,0,777aapt2
14:59:31,43652,24836,92,0,778aapt2
14:59:31,19656,796,80,0,779aapt2
14:59:31,19552,700,92,0,780aapt2
14:59:31,19380,636,92,0,781aapt2
14:59:34,2147483647,1824287360,12452,282,401java
14:59:34,4280,68,0,0,1sh
14:59:34,123764,18172,13712,0,7circleci-a+
14:59:34,19744,1336,1048,0,30bash
14:59:34,42660,2384,1936,0,31top
14:59:34,7118452,436328,0,0,340java
14:59:34,7402064,473448,0,0,544java
14:59:34,19376,632,92,0,774aapt2
14:59:34,19684,888,80,0,775aapt2
14:59:34,19396,648,84,0,776aapt2
14:59:34,19796,940,84,0,777aapt2
14:59:34,43652,24836,92,0,778aapt2
14:59:34,19656,796,80,0,779aapt2
14:59:34,19552,700,92,0,780aapt2
14:59:34,19380,636,92,0,781aapt2
14:59:37,2147483647,1838246016,12876,326,401java
14:59:37,123764,18172,13712,0,7circleci-a+
14:59:37,42660,2384,1936,0,31top
14:59:37,7118452,436328,0,0,340java
14:59:37,4280,68,0,0,1sh
14:59:37,19744,1336,1048,0,30bash
14:59:37,7402064,473448,0,0,544java
14:59:37,19376,632,92,0,774aapt2
14:59:37,19684,888,80,0,775aapt2
14:59:37,19396,648,84,0,776aapt2
14:59:37,19796,940,84,0,777aapt2
14:59:37,43652,24836,92,0,778aapt2
14:59:37,19656,796,80,0,779aapt2
14:59:37,19552,700,92,0,780aapt2
14:59:37,19380,636,92,0,781aapt2
14:59:40,2147483647,1846835968,12940,525,401java
14:59:40,7402064,473448,0,0,544java
14:59:40,4280,68,0,0,1sh
14:59:40,123764,18172,13712,0,7circleci-a+
14:59:40,19744,1336,1048,0,30bash
14:59:40,42660,2384,1936,0,31top
14:59:40,7118452,436328,0,0,340java
14:59:40,19376,632,92,0,774aapt2
14:59:40,19684,888,80,0,775aapt2
14:59:40,19396,648,84,0,776aapt2
14:59:40,19796,940,84,0,777aapt2
14:59:40,43652,24836,92,0,778aapt2
14:59:40,19656,796,80,0,779aapt2
14:59:40,19552,700,92,0,780aapt2
14:59:40,19380,636,92,0,781aapt2
14:59:43,2147483647,1895154304,13048,700,401java
14:59:43,7118452,436328,0,0,340java
14:59:43,4280,68,0,0,1sh
14:59:43,123764,18172,13712,0,7circleci-a+
14:59:43,19744,1336,1048,0,30bash
14:59:43,42660,2384,1936,0,31top
14:59:43,7402064,473448,0,0,544java
14:59:43,19376,632,92,0,774aapt2
14:59:43,19684,888,80,0,775aapt2
14:59:43,19396,648,84,0,776aapt2
14:59:43,19796,940,84,0,777aapt2
14:59:43,43652,24836,92,0,778aapt2
14:59:43,19656,796,80,0,779aapt2
14:59:43,19552,700,92,0,780aapt2
14:59:43,19380,636,92,0,781aapt2
14:59:46,2147483647,1908039168,13072,392,401java
14:59:46,123764,18172,13712,0,7circleci-a+
14:59:46,4280,68,0,0,1sh
14:59:46,19744,1336,1048,0,30bash
14:59:46,42660,2384,1936,0,31top
14:59:46,7118452,436328,0,0,340java
14:59:46,7402064,473448,0,0,544java
14:59:46,19376,632,92,0,774aapt2
14:59:46,19684,888,80,0,775aapt2
14:59:46,19396,648,84,0,776aapt2
14:59:46,19796,940,84,0,777aapt2
14:59:46,43652,24836,92,0,778aapt2
14:59:46,19656,796,80,0,779aapt2
14:59:46,19552,700,92,0,780aapt2
14:59:46,19380,636,92,0,781aapt2
14:59:49,2147483647,1990717312,13056,487,401java
14:59:49,4280,68,0,0,1sh
14:59:49,123764,18172,13712,0,7circleci-a+
14:59:49,19744,1336,1048,0,30bash
14:59:49,42660,2384,1936,0,31top
14:59:49,7118452,436328,0,0,340java
14:59:49,7402064,473448,0,0,544java
14:59:49,19376,632,92,0,774aapt2
14:59:49,19684,888,80,0,775aapt2
14:59:49,19396,648,84,0,776aapt2
14:59:49,19796,940,84,0,777aapt2
14:59:49,43652,24836,92,0,778aapt2
14:59:49,19656,796,80,0,779aapt2
14:59:49,19552,700,92,0,780aapt2
14:59:49,19380,636,92,0,781aapt2
14:59:52,2147483647,2031519488,13096,599,401java
14:59:52,42660,2384,1936,0,31top
14:59:52,7402064,473448,0,0,544java
14:59:52,4280,68,0,0,1sh
14:59:52,123764,18172,13712,0,7circleci-a+
14:59:52,19744,1336,1048,0,30bash
14:59:52,7118452,436328,0,0,340java
14:59:52,19376,632,92,0,774aapt2
14:59:52,19684,888,80,0,775aapt2
14:59:52,19396,648,84,0,776aapt2
14:59:52,19796,940,84,0,777aapt2
14:59:52,43652,24836,92,0,778aapt2
14:59:52,19656,796,80,0,779aapt2
14:59:52,19552,700,92,0,780aapt2
14:59:52,19380,636,92,0,781aapt2
14:59:55,2147483647,2034740736,13088,350,401java
14:59:55,7118452,436328,0,0,340java
14:59:55,4280,68,0,0,1sh
14:59:55,123764,18172,13712,0,7circleci-a+
14:59:55,19744,1336,1048,0,30bash
14:59:55,42660,2384,1936,0,31top
14:59:55,7402064,473448,0,0,544java
14:59:55,19376,632,92,0,774aapt2
14:59:55,19684,888,80,0,775aapt2
14:59:55,19396,648,84,0,776aapt2
14:59:55,19796,940,84,0,777aapt2
14:59:55,43652,24836,92,0,778aapt2
14:59:55,19656,796,80,0,779aapt2
14:59:55,19552,700,92,0,780aapt2
14:59:55,19380,636,92,0,781aapt2
14:59:58,2147483647,2054068096,13092,450,401java
14:59:58,4280,68,0,0,1sh
14:59:58,123764,18172,13712,0,7circleci-a+
14:59:58,19744,1336,1048,0,30bash
14:59:58,42660,2384,1936,0,31top
14:59:58,7118452,436328,0,0,340java
14:59:58,7402064,473448,0,0,544java
14:59:58,19376,632,92,0,774aapt2
14:59:58,19684,888,80,0,775aapt2
14:59:58,19396,648,84,0,776aapt2
14:59:58,19796,940,84,0,777aapt2
14:59:58,43652,24836,92,0,778aapt2
14:59:58,19656,796,80,0,779aapt2
14:59:58,19552,700,92,0,780aapt2
14:59:58,19380,636,92,0,781aapt2
15:00:01,2147483647,2054068096,13056,400,401java
15:00:01,7118452,436328,0,0,340java
15:00:01,4280,68,0,0,1sh
15:00:01,123764,18172,13712,0,7circleci-a+
15:00:01,19744,1336,1048,0,30bash
15:00:01,42660,2384,1936,0,31top
15:00:01,7402064,473448,0,0,544java
15:00:01,19376,632,92,0,774aapt2
15:00:01,19684,888,80,0,775aapt2
15:00:01,19396,648,84,0,776aapt2
15:00:01,19796,940,84,0,777aapt2
15:00:01,43652,24836,92,0,778aapt2
15:00:01,19656,796,80,0,779aapt2
15:00:01,19552,700,92,0,780aapt2
15:00:01,19380,636,92,0,781aapt2
15:00:04,2147483647,2056215552,13076,377,401java
15:00:04,4280,68,0,0,1sh
15:00:04,123764,18172,13712,0,7circleci-a+
15:00:04,19744,1336,1048,0,30bash
15:00:04,42660,2384,1936,0,31top
15:00:04,7118452,436328,0,0,340java
15:00:04,7402064,473448,0,0,544java
15:00:04,19376,632,92,0,774aapt2
15:00:04,19684,888,80,0,775aapt2
15:00:04,19396,648,84,0,776aapt2
15:00:04,19796,940,84,0,777aapt2
15:00:04,43652,24836,92,0,778aapt2
15:00:04,19656,796,80,0,779aapt2
15:00:04,19552,700,92,0,780aapt2
15:00:04,19380,636,92,0,781aapt2
15:00:07,2147483647,2077690368,13032,319,401java
15:00:07,4280,68,0,0,1sh
15:00:07,123764,18172,13712,0,7circleci-a+
15:00:07,19744,1336,1048,0,30bash
15:00:07,42660,2384,1936,0,31top
15:00:07,7118452,436328,0,0,340java
15:00:07,7402064,473448,0,0,544java
15:00:07,19376,632,92,0,774aapt2
15:00:07,19684,888,80,0,775aapt2
15:00:07,19396,648,84,0,776aapt2
15:00:07,19796,940,84,0,777aapt2
15:00:07,43652,24836,92,0,778aapt2
15:00:07,19656,796,80,0,779aapt2
15:00:07,19552,700,92,0,780aapt2
15:00:07,19380,636,92,0,781aapt2
15:00:10,2147483647,2104534016,14116,275,401java
15:00:10,7402064,473448,0,0,544java
15:00:10,4280,68,0,0,1sh
15:00:10,123764,18172,13712,0,7circleci-a+
15:00:10,19744,1336,1048,0,30bash
15:00:10,42660,2384,1936,0,31top
15:00:10,7118452,436328,0,0,340java
15:00:10,19376,632,92,0,774aapt2
15:00:10,19684,888,80,0,775aapt2
15:00:10,19396,648,84,0,776aapt2
15:00:10,19796,940,84,0,777aapt2
15:00:10,43652,24836,92,0,778aapt2
15:00:10,19656,796,80,0,779aapt2
15:00:10,19552,700,92,0,780aapt2
15:00:10,19380,636,92,0,781aapt2
15:00:13,2147483647,2127082496,14128,275,401java
15:00:13,7118452,436328,0,0,340java
15:00:13,4280,68,0,0,1sh
15:00:13,123764,18172,13712,0,7circleci-a+
15:00:13,19744,1336,1048,0,30bash
15:00:13,42660,2384,1936,0,31top
15:00:13,7402064,473448,0,0,544java
15:00:13,19376,632,92,0,774aapt2
15:00:13,19684,888,80,0,775aapt2
15:00:13,19396,648,84,0,776aapt2
15:00:13,19796,940,84,0,777aapt2
15:00:13,43652,24836,92,0,778aapt2
15:00:13,19656,796,80,0,779aapt2
15:00:13,19552,700,92,0,780aapt2
15:00:13,19380,636,92,0,781aapt2
15:00:16,2147483647,2147483647,14188,248,401java
15:00:16,4280,68,0,0,1sh
15:00:16,123764,18172,13712,0,7circleci-a+
15:00:16,19744,1336,1048,0,30bash
15:00:16,42660,2384,1936,0,31top
15:00:16,7118452,436328,0,0,340java
15:00:16,7402064,473448,0,0,544java
15:00:16,19376,632,92,0,774aapt2
15:00:16,19684,888,80,0,775aapt2
15:00:16,19396,648,84,0,776aapt2
15:00:16,19796,940,84,0,777aapt2
15:00:16,43652,24836,92,0,778aapt2
15:00:16,19656,796,80,0,779aapt2
15:00:16,19552,700,92,0,780aapt2
15:00:16,19380,636,92,0,781aapt2
15:00:19,2147483647,2147483647,14020,413,401java
15:00:19,123764,18172,13712,0,7circleci-a+
15:00:19,42660,2384,1936,0,31top
15:00:19,7118452,436328,0,0,340java
15:00:19,4280,68,0,0,1sh
15:00:19,19744,1336,1048,0,30bash
15:00:19,7402064,473448,0,0,544java
15:00:19,19376,632,92,0,774aapt2
15:00:19,19684,888,80,0,775aapt2
15:00:19,19396,648,84,0,776aapt2
15:00:19,19796,940,84,0,777aapt2
15:00:19,43652,24836,92,0,778aapt2
15:00:19,19656,796,80,0,779aapt2
15:00:19,19552,700,92,0,780aapt2
15:00:19,19380,636,92,0,781aapt2
15:00:22,2147483647,2147483647,14020,445,401java
15:00:22,123764,18172,13712,0,7circleci-a+
15:00:22,7402064,473448,0,0,544java
15:00:22,4280,68,0,0,1sh
15:00:22,19744,1336,1048,0,30bash
15:00:22,42660,2384,1936,0,31top
15:00:22,7118452,436328,0,0,340java
15:00:22,19376,632,92,0,774aapt2
15:00:22,19684,888,80,0,775aapt2
15:00:22,19396,648,84,0,776aapt2
15:00:22,19796,940,84,0,777aapt2
15:00:22,43652,24836,92,0,778aapt2
15:00:22,19656,796,80,0,779aapt2
15:00:22,19552,700,92,0,780aapt2
15:00:22,19380,636,92,0,781aapt2
15:00:25,2147483647,2147483647,14020,316,401java
15:00:25,4280,68,0,0,1sh
15:00:25,123764,18172,13712,0,7circleci-a+
15:00:25,19744,1336,1048,0,30bash
15:00:25,42660,2384,1936,0,31top
15:00:25,7118452,436328,0,0,340java
15:00:25,7402064,473448,0,0,544java
15:00:25,19376,632,92,0,774aapt2
15:00:25,19684,888,80,0,775aapt2
15:00:25,19396,648,84,0,776aapt2
15:00:25,19796,940,84,0,777aapt2
15:00:25,43652,24836,92,0,778aapt2
15:00:25,19656,796,80,0,779aapt2
15:00:25,19552,700,92,0,780aapt2
15:00:25,19380,636,92,0,781aapt2
15:00:28,2147483647,2147483647,14340,493,401java
15:00:28,4280,68,0,0,1sh
15:00:28,123764,18172,13712,0,7circleci-a+
15:00:28,19744,1336,1048,0,30bash
15:00:28,42660,2384,1936,0,31top
15:00:28,7118452,436328,0,0,340java
15:00:28,7402064,473448,0,0,544java
15:00:28,19376,632,92,0,774aapt2
15:00:28,19684,888,80,0,775aapt2
15:00:28,19396,648,84,0,776aapt2
15:00:28,19796,940,84,0,777aapt2
15:00:28,43652,24836,92,0,778aapt2
15:00:28,19656,796,80,0,779aapt2
15:00:28,19552,700,92,0,780aapt2
15:00:28,19380,636,92,0,781aapt2
15:00:31,2147483647,2147483647,14340,381,401java
15:00:31,7118452,436328,0,0,340java
15:00:31,4280,68,0,0,1sh
15:00:31,123764,18172,13712,0,7circleci-a+
15:00:31,19744,1336,1048,0,30bash
15:00:31,42660,2384,1936,0,31top
15:00:31,7402064,473448,0,0,544java
15:00:31,19376,632,92,0,774aapt2
15:00:31,19684,888,80,0,775aapt2
15:00:31,19396,648,84,0,776aapt2
15:00:31,19796,940,84,0,777aapt2
15:00:31,43652,24836,92,0,778aapt2
15:00:31,19656,796,80,0,779aapt2
15:00:31,19552,700,92,0,780aapt2
15:00:31,19380,636,92,0,781aapt2
15:00:34,2147483647,2147483647,14340,432,401java
15:00:34,4280,68,0,0,1sh
15:00:34,123764,18172,13712,0,7circleci-a+
15:00:34,19744,1336,1048,0,30bash
15:00:34,42660,2384,1936,0,31top
15:00:34,7118452,436328,0,0,340java
15:00:34,7402064,473448,0,0,544java
15:00:34,19376,632,92,0,774aapt2
15:00:34,19684,888,80,0,775aapt2
15:00:34,19396,648,84,0,776aapt2
15:00:34,19796,940,84,0,777aapt2
15:00:34,43652,24836,92,0,778aapt2
15:00:34,19656,796,80,0,779aapt2
15:00:34,19552,700,92,0,780aapt2
15:00:34,19380,636,92,0,781aapt2
15:00:37,2147483647,2147483647,14340,338,401java
15:00:37,42660,2384,1936,0,31top
15:00:37,7118452,436328,0,0,340java
15:00:37,4280,68,0,0,1sh
15:00:37,123764,18172,13712,0,7circleci-a+
15:00:37,19744,1336,1048,0,30bash
15:00:37,7402064,473448,0,0,544java
15:00:37,19376,632,92,0,774aapt2
15:00:37,19684,888,80,0,775aapt2
15:00:37,19396,648,84,0,776aapt2
15:00:37,19796,940,84,0,777aapt2
15:00:37,43652,24836,92,0,778aapt2
15:00:37,19656,796,80,0,779aapt2
15:00:37,19552,700,92,0,780aapt2
15:00:37,19380,636,92,0,781aapt2
15:00:40,2147483647,2147483647,14340,270,401java
15:00:40,4280,68,0,0,1sh
15:00:40,123764,18172,13712,0,7circleci-a+
15:00:40,19744,1336,1048,0,30bash
15:00:40,42660,2384,1936,0,31top
15:00:40,7118452,436328,0,0,340java
15:00:40,7402064,473448,0,0,544java
15:00:40,19376,632,92,0,774aapt2
15:00:40,19684,888,80,0,775aapt2
15:00:40,19396,648,84,0,776aapt2
15:00:40,19796,940,84,0,777aapt2
15:00:40,43652,24836,92,0,778aapt2
15:00:40,19656,796,80,0,779aapt2
15:00:40,19552,700,92,0,780aapt2
15:00:40,19380,636,92,0,781aapt2
15:00:43,2147483647,2147483647,14340,234,401java
15:00:43,7402064,473448,0,0,544java
15:00:43,4280,68,0,0,1sh
15:00:43,123764,18172,13712,0,7circleci-a+
15:00:43,19744,1336,1048,0,30bash
15:00:43,42660,2384,1936,0,31top
15:00:43,7118452,436328,0,0,340java
15:00:43,19376,632,92,0,774aapt2
15:00:43,19684,888,80,0,775aapt2
15:00:43,19396,648,84,0,776aapt2
15:00:43,19796,940,84,0,777aapt2
15:00:43,43652,24836,92,0,778aapt2
15:00:43,19656,796,80,0,779aapt2
15:00:43,19552,700,92,0,780aapt2
15:00:43,19380,636,92,0,781aapt2
15:00:46,2147483647,2147483647,14340,304,401java
15:00:46,4280,68,0,0,1sh
15:00:46,123764,18172,13712,0,7circleci-a+
15:00:46,19744,1336,1048,0,30bash
15:00:46,42660,2384,1936,0,31top
15:00:46,7118452,436328,0,0,340java
15:00:46,7402064,473448,0,0,544java
15:00:46,19376,632,92,0,774aapt2
15:00:46,19684,888,80,0,775aapt2
15:00:46,19396,648,84,0,776aapt2
15:00:46,19796,940,84,0,777aapt2
15:00:46,43652,24836,92,0,778aapt2
15:00:46,19656,796,80,0,779aapt2
15:00:46,19552,700,92,0,780aapt2
15:00:46,19380,636,92,0,781aapt2
15:00:49,2147483647,2147483647,14308,182,401java
15:00:49,7118452,436328,0,0,340java
15:00:49,4280,68,0,0,1sh
15:00:49,123764,18172,13712,0,7circleci-a+
15:00:49,19744,1336,1048,0,30bash
15:00:49,42660,2384,1936,0,31top
15:00:49,7402064,473448,0,0,544java
15:00:49,19376,632,92,0,774aapt2
15:00:49,19684,888,80,0,775aapt2
15:00:49,19396,648,84,0,776aapt2
15:00:49,19796,940,84,0,777aapt2
15:00:49,43652,24836,92,0,778aapt2
15:00:49,19656,796,80,0,779aapt2
15:00:49,19552,700,92,0,780aapt2
15:00:49,19380,636,92,0,781aapt2
15:00:52,2147483647,2147483647,14576,221,401java
15:00:52,7118452,437312,932,2,340java
15:00:52,124020,18172,13712,0,7circleci-a+
15:00:52,4280,68,0,0,1sh
15:00:52,19744,1336,1048,0,30bash
15:00:52,42660,2384,1936,0,31top
15:00:52,7402064,473448,0,0,544java
15:00:52,19376,632,92,0,774aapt2
15:00:52,19684,888,80,0,775aapt2
15:00:52,19396,648,84,0,776aapt2
15:00:52,19796,940,84,0,777aapt2
15:00:52,43652,24836,92,0,778aapt2
15:00:52,19656,796,80,0,779aapt2
15:00:52,19552,700,92,0,780aapt2
15:00:52,19380,636,92,0,781aapt2
15:00:55,2147483647,2147483647,15044,569,401java
15:00:55,124020,18172,13712,1,7circleci-a+
15:00:55,7118452,437312,932,1,340java
15:00:55,7402064,473448,0,0,544java
15:00:55,4280,68,0,0,1sh
15:00:55,19744,1336,1048,0,30bash
15:00:55,42660,2384,1936,0,31top
15:00:55,19376,632,92,0,774aapt2
15:00:55,19684,888,80,0,775aapt2
15:00:55,19396,648,84,0,776aapt2
15:00:55,19796,940,84,0,777aapt2
15:00:55,43652,24836,92,0,778aapt2
15:00:55,19656,796,80,0,779aapt2
15:00:55,19552,700,92,0,780aapt2
15:00:55,19380,636,92,0,781aapt2
15:00:58,2147483647,2147483647,14864,390,401java
15:00:58,4280,68,0,0,1sh
15:00:58,124020,18176,13712,0,7circleci-a+
15:00:58,19744,1336,1048,0,30bash
15:00:58,42660,2384,1936,0,31top
15:00:58,7118452,437312,932,0,340java
15:00:58,7402064,473448,0,0,544java
15:00:58,19376,632,92,0,774aapt2
15:00:58,19684,888,80,0,775aapt2
15:00:58,19396,648,84,0,776aapt2
15:00:58,19796,940,84,0,777aapt2
15:00:58,43652,24836,92,0,778aapt2
15:00:58,19656,796,80,0,779aapt2
15:00:58,19552,700,92,0,780aapt2
15:00:58,19380,636,92,0,781aapt2
15:01:01,7387828,398584,19232,348,833java
15:01:01,2147483647,2147483647,14864,3,401java
15:01:01,42660,2384,1936,0,31top
15:01:01,7118452,437312,932,0,340java
15:01:01,4280,68,0,0,1sh
15:01:01,124020,18176,13712,0,7circleci-a+
15:01:01,19744,1336,1048,0,30bash
15:01:01,7402064,473448,0,0,544java
15:01:01,19376,632,92,0,774aapt2
15:01:01,19684,888,80,0,775aapt2
15:01:01,19396,648,84,0,776aapt2
15:01:01,19796,940,84,0,777aapt2
15:01:01,43652,24836,92,0,778aapt2
15:01:01,19656,796,80,0,779aapt2
15:01:01,19552,700,92,0,780aapt2
15:01:01,19380,636,92,0,781aapt2
15:01:04,7401684,635876,20800,572,833java
15:01:04,2147483647,2147483647,14864,0,401java
15:01:04,4280,68,0,0,1sh
15:01:04,124020,18176,13712,0,7circleci-a+
15:01:04,19744,1336,1048,0,30bash
15:01:04,42660,2384,1936,0,31top
15:01:04,7118452,437312,932,0,340java
15:01:04,7402064,473448,0,0,544java
15:01:04,19376,632,92,0,774aapt2
15:01:04,19684,888,80,0,775aapt2
15:01:04,19396,648,84,0,776aapt2
15:01:04,19796,940,84,0,777aapt2
15:01:04,43652,24836,92,0,778aapt2
15:01:04,19656,796,80,0,779aapt2
15:01:04,19552,700,92,0,780aapt2
15:01:04,19380,636,92,0,781aapt2
15:01:07,7405828,744784,20724,511,833java
15:01:07,4280,68,0,0,1sh
15:01:07,124020,18176,13712,0,7circleci-a+
15:01:07,19744,1336,1048,0,30bash
15:01:07,42660,2224,1776,0,31top
15:01:07,7118452,436676,296,0,340java
15:01:07,2147483647,2147483647,13944,0,401java
15:01:07,7402064,473448,0,0,544java
15:01:07,19376,632,92,0,774aapt2
15:01:07,19684,888,80,0,775aapt2
15:01:07,19396,648,84,0,776aapt2
15:01:07,19796,940,84,0,777aapt2
15:01:07,43652,24836,92,0,778aapt2
15:01:07,19656,796,80,0,779aapt2
15:01:07,19552,700,92,0,780aapt2
15:01:07,19380,636,92,0,781aapt2
15:01:10,2147483647,2147483647,4568,4,401java
15:01:10,7118452,436380,0,1,340java
15:01:10,7402064,473448,0,1,544java
15:01:10,4280,68,0,0,1sh
15:01:10,124020,18176,13712,0,7circleci-a+
15:01:10,19744,1336,1048,0,30bash
15:01:10,42660,948,500,0,31top
15:01:10,19376,632,92,0,774aapt2
15:01:10,19684,888,80,0,775aapt2
15:01:10,19396,648,84,0,776aapt2
15:01:10,19796,940,84,0,777aapt2
15:01:10,43652,24836,92,0,778aapt2
15:01:10,19656,796,80,0,779aapt2
15:01:10,19552,700,92,0,780aapt2
15:01:10,19380,636,92,0,781aapt2
15:01:13,2147483647,2147483647,9020,245,401java
15:01:13,124020,18176,13712,0,7circleci-a+
15:01:13,4280,68,0,0,1sh
15:01:13,19744,1336,1048,0,30bash
15:01:13,42660,948,500,0,31top
15:01:13,7118452,436380,0,0,340java
15:01:13,7402064,473448,0,0,544java
15:01:13,19376,632,92,0,774aapt2
15:01:13,19684,888,80,0,775aapt2
15:01:13,19396,648,84,0,776aapt2
15:01:13,19796,940,84,0,777aapt2
15:01:13,43652,24836,92,0,778aapt2
15:01:13,19656,796,80,0,779aapt2
15:01:13,19552,700,92,0,780aapt2
15:01:13,19380,636,92,0,781aapt2
15:01:16,2147483647,2147483647,12152,353,401java
15:01:16,7402064,475244,0,1,544java
15:01:16,42660,948,500,0,31top
15:01:16,4280,68,0,0,1sh
15:01:16,124020,18176,13712,0,7circleci-a+
15:01:16,19744,1336,1048,0,30bash
15:01:16,7118452,436380,0,0,340java
15:01:16,19376,632,92,0,774aapt2
15:01:16,19684,888,80,0,775aapt2
15:01:16,19396,648,84,0,776aapt2
15:01:16,19796,940,84,0,777aapt2
15:01:16,43652,24836,92,0,778aapt2
15:01:16,19656,796,80,0,779aapt2
15:01:16,19552,700,92,0,780aapt2
15:01:16,19380,636,92,0,781aapt2
15:01:19,2147483647,2147483647,12284,296,401java
15:01:19,4280,68,0,0,1sh
15:01:19,124020,18176,13712,0,7circleci-a+
15:01:19,19744,1336,1048,0,30bash
15:01:19,42660,948,500,0,31top
15:01:19,7118452,436380,0,0,340java
15:01:19,7402064,475244,0,0,544java
15:01:19,19376,632,92,0,774aapt2
15:01:19,19684,888,80,0,775aapt2
15:01:19,19396,648,84,0,776aapt2
15:01:19,19796,940,84,0,777aapt2
15:01:19,43652,24836,92,0,778aapt2
15:01:19,19656,796,80,0,779aapt2
15:01:19,19552,700,92,0,780aapt2
15:01:19,19380,636,92,0,781aapt2
15:01:22,2147483647,2147483647,12348,473,401java
15:01:22,7118452,436380,0,0,340java
15:01:22,4280,68,0,0,1sh
15:01:22,124020,18176,13712,0,7circleci-a+
15:01:22,19744,1336,1048,0,30bash
15:01:22,42660,948,500,0,31top
15:01:22,7402064,475244,0,0,544java
15:01:22,19376,632,92,0,774aapt2
15:01:22,19684,888,80,0,775aapt2
15:01:22,19396,648,84,0,776aapt2
15:01:22,19796,940,84,0,777aapt2
15:01:22,43652,24836,92,0,778aapt2
15:01:22,19656,796,80,0,779aapt2
15:01:22,19552,700,92,0,780aapt2
15:01:22,19380,636,92,0,781aapt2
15:01:25,2147483647,2147483647,12360,442,401java
15:01:25,7402064,475244,0,0,544java
15:01:25,4280,68,0,0,1sh
15:01:25,124020,18176,13712,0,7circleci-a+
15:01:25,19744,1336,1048,0,30bash
15:01:25,42660,948,500,0,31top
15:01:25,7118452,436380,0,0,340java
15:01:25,19376,632,92,0,774aapt2
15:01:25,19684,888,80,0,775aapt2
15:01:25,19396,648,84,0,776aapt2
15:01:25,19796,940,84,0,777aapt2
15:01:25,43652,24836,92,0,778aapt2
15:01:25,19656,796,80,0,779aapt2
15:01:25,19552,700,92,0,780aapt2
15:01:25,19380,636,92,0,781aapt2
15:01:28,2147483647,2147483647,12364,451,401java
15:01:28,7118452,436380,0,0,340java
15:01:28,4280,68,0,0,1sh
15:01:28,124020,18176,13712,0,7circleci-a+
15:01:28,19744,1336,1048,0,30bash
15:01:28,42660,948,500,0,31top
15:01:28,7402064,475244,0,0,544java
15:01:28,19376,632,92,0,774aapt2
15:01:28,19684,888,80,0,775aapt2
15:01:28,19396,648,84,0,776aapt2
15:01:28,19796,940,84,0,777aapt2
15:01:28,43652,24836,92,0,778aapt2
15:01:28,19656,796,80,0,779aapt2
15:01:28,19552,700,92,0,780aapt2
15:01:28,19380,636,92,0,781aapt2
15:01:31,2147483647,2147483647,12568,327,401java
15:01:31,124020,18176,13712,0,7circleci-a+
15:01:31,4280,68,0,0,1sh
15:01:31,19744,1336,1048,0,30bash
15:01:31,42660,948,500,0,31top
15:01:31,7118452,436380,0,0,340java
15:01:31,7402064,475244,0,0,544java
15:01:31,19376,632,92,0,774aapt2
15:01:31,19684,888,80,0,775aapt2
15:01:31,19396,648,84,0,776aapt2
15:01:31,19796,940,84,0,777aapt2
15:01:31,43652,24836,92,0,778aapt2
15:01:31,19656,796,80,0,779aapt2
15:01:31,19552,700,92,0,780aapt2
15:01:31,19380,636,92,0,781aapt2
15:01:34,2147483647,2147483647,13660,245,401java
15:01:34,3921676,25172,14676,5,898java
15:01:34,124020,18176,13712,0,7circleci-a+
15:01:34,7118452,436380,0,0,340java
15:01:34,4280,68,0,0,1sh
15:01:34,19744,1336,1048,0,30bash
15:01:34,42660,948,500,0,31top
15:01:34,7402064,475244,0,0,544java
15:01:34,19376,632,92,0,774aapt2
15:01:34,19684,888,80,0,775aapt2
15:01:34,19396,648,84,0,776aapt2
15:01:34,19796,940,84,0,777aapt2
15:01:34,43652,24836,92,0,778aapt2
15:01:34,19656,796,80,0,779aapt2
15:01:34,19552,700,92,0,780aapt2
15:01:34,19380,636,92,0,781aapt2
15:01:37,5547696,294344,22112,328,898java
15:01:37,2147483647,2147483647,13676,31,401java
15:01:37,7402064,475244,0,0,544java
15:01:37,4280,68,0,0,1sh
15:01:37,124020,18176,13712,0,7circleci-a+
15:01:37,19744,1336,1048,0,30bash
15:01:37,42660,948,500,0,31top
15:01:37,7118452,436380,0,0,340java
15:01:37,19376,632,92,0,774aapt2
15:01:37,19684,888,80,0,775aapt2
15:01:37,19396,648,84,0,776aapt2
15:01:37,19796,940,84,0,777aapt2
15:01:37,43652,24836,92,0,778aapt2
15:01:37,19656,796,80,0,779aapt2
15:01:37,19552,700,92,0,780aapt2
15:01:37,19380,636,92,0,781aapt2
15:01:40,5554176,305012,26364,168,898java
15:01:40,42660,948,500,0,31top
15:01:40,2147483647,2147483647,13520,0,401java
15:01:40,4280,68,0,0,1sh
15:01:40,124020,18176,13712,0,7circleci-a+
15:01:40,19744,1336,1048,0,30bash
15:01:40,7118452,436380,0,0,340java
15:01:40,7402064,475244,0,0,544java
15:01:40,19376,632,92,0,774aapt2
15:01:40,19684,888,80,0,775aapt2
15:01:40,19396,648,84,0,776aapt2
15:01:40,19796,940,84,0,777aapt2
15:01:40,43652,24836,92,0,778aapt2
15:01:40,19656,796,80,0,779aapt2
15:01:40,19552,700,92,0,780aapt2
15:01:40,19380,636,92,0,781aapt2
15:01:43,5626884,431864,20440,409,898java
15:01:43,2147483647,2147483647,8724,1,401java
15:01:43,7118452,436380,0,0,340java
15:01:43,4280,68,0,0,1sh
15:01:43,124020,18176,13712,0,7circleci-a+
15:01:43,19744,1336,1048,0,30bash
15:01:43,42660,936,488,0,31top
15:01:43,7402064,475244,0,0,544java
15:01:43,19376,632,92,0,774aapt2
15:01:43,19684,888,80,0,775aapt2
15:01:43,19396,648,84,0,776aapt2
15:01:43,19796,940,84,0,777aapt2
15:01:43,43652,24836,92,0,778aapt2
15:01:43,19656,796,80,0,779aapt2
15:01:43,19552,700,92,0,780aapt2
15:01:43,19380,636,92,0,781aapt2
15:01:46,5629244,448944,8952,504,898java
15:01:46,2147483647,2147483647,4764,8,401java
15:01:46,124020,18176,13712,0,7circleci-a+
15:01:46,42660,448,0,0,31top
15:01:46,7118452,436380,0,0,340java
15:01:46,4280,68,0,0,1sh
15:01:46,19744,1336,1048,0,30bash
15:01:46,7402064,475244,0,0,544java
15:01:46,19376,632,92,0,774aapt2
15:01:46,19684,888,80,0,775aapt2
15:01:46,19396,648,84,0,776aapt2
15:01:46,19796,940,84,0,777aapt2
15:01:46,43652,24836,92,0,778aapt2
15:01:46,19656,796,80,0,779aapt2
15:01:46,19552,700,92,0,780aapt2
15:01:46,19380,636,92,0,781aapt2
15:01:49,5714788,569264,13240,482,898java
15:01:49,42660,448,0,0,31top
15:01:49,7118452,436380,0,0,340java
15:01:49,2147483647,2147483647,5444,0,401java
15:01:49,4280,68,0,0,1sh
15:01:49,124020,18176,13712,0,7circleci-a+
15:01:49,19744,1336,1048,0,30bash
15:01:49,7402064,475244,0,0,544java
15:01:49,19376,632,92,0,774aapt2
15:01:49,19684,888,80,0,775aapt2
15:01:49,19396,648,84,0,776aapt2
15:01:49,19796,940,84,0,777aapt2
15:01:49,43652,24836,92,0,778aapt2
15:01:49,19656,796,80,0,779aapt2
15:01:49,19552,700,92,0,780aapt2
15:01:49,19380,636,92,0,781aapt2
15:01:52,6057852,631464,0,637,898java
15:01:52,2147483647,2147483647,0,1,401java
15:01:52,7118452,436380,0,0,340java
15:01:52,7402064,475244,0,0,544java
15:01:52,4280,68,0,0,1sh
15:01:52,124020,18176,13712,0,7circleci-a+
15:01:52,19744,1336,1048,0,30bash
15:01:52,42660,1656,1208,0,31top
15:01:52,19376,632,92,0,774aapt2
15:01:52,19684,888,80,0,775aapt2
15:01:52,19396,648,84,0,776aapt2
15:01:52,19796,940,84,0,777aapt2
15:01:52,43652,24836,92,0,778aapt2
15:01:52,19656,796,80,0,779aapt2
15:01:52,19552,700,92,0,780aapt2
15:01:52,19380,636,92,0,781aapt2
15:01:55,6055788,599692,3556,247,898java
15:01:55,2147483647,2147483647,0,5,401java
15:01:55,7118452,436380,0,1,340java
15:01:55,7402064,475296,0,1,544java
15:01:55,4280,68,0,0,1sh
15:01:55,124020,18176,13712,0,7circleci-a+
15:01:55,19744,1336,1048,0,30bash
15:01:55,42660,2452,2004,0,31top
15:01:55,19376,632,92,0,774aapt2
15:01:55,19684,888,80,0,775aapt2
15:01:55,19396,648,84,0,776aapt2
15:01:55,19796,940,84,0,777aapt2
15:01:55,43652,24836,92,0,778aapt2
15:01:55,19656,796,80,0,779aapt2
15:01:55,19552,700,92,0,780aapt2
15:01:55,19380,636,92,0,781aapt2
15:01:58,5336132,221780,21616,157,1055java
15:01:58,2147483647,2147483647,0,4,401java
15:01:58,7402064,475416,0,1,544java
15:01:58,4280,68,0,0,1sh
15:01:58,124020,18176,13712,0,7circleci-a+
15:01:58,19744,1336,1048,0,30bash
15:01:58,42660,1144,696,0,31top
15:01:58,7118452,436388,0,0,340java
15:01:58,19376,632,92,0,774aapt2
15:01:58,19684,888,80,0,775aapt2
15:01:58,19396,648,84,0,776aapt2
15:01:58,19796,940,84,0,777aapt2
15:01:58,43652,24836,92,0,778aapt2
15:01:58,19656,796,80,0,779aapt2
15:01:58,19552,700,92,0,780aapt2
15:01:58,19380,636,92,0,781aapt2
15:02:01,5361620,517036,26636,567,1055java
15:02:01,42660,1144,696,0,31top
15:02:01,7118452,436388,0,0,340java
15:02:01,2147483647,2147483647,0,0,401java
15:02:01,4280,68,0,0,1sh
15:02:01,124020,18176,13712,0,7circleci-a+
15:02:01,19744,1336,1048,0,30bash
15:02:01,7402064,475416,0,0,544java
15:02:01,19376,632,92,0,774aapt2
15:02:01,19684,888,80,0,775aapt2
15:02:01,19396,648,84,0,776aapt2
15:02:01,19796,940,84,0,777aapt2
15:02:01,43652,24836,92,0,778aapt2
15:02:01,19656,796,80,0,779aapt2
15:02:01,19552,700,92,0,780aapt2
15:02:01,19380,636,92,0,781aapt2
15:02:04,5848164,579176,19296,396,1055java
15:02:04,2147483647,2147483647,0,3,401java
15:02:04,4280,68,0,0,1sh
15:02:04,124020,18176,13712,0,7circleci-a+
15:02:04,19744,1336,1048,0,30bash
15:02:04,42660,1112,664,0,31top
15:02:04,7118452,436388,0,0,340java
15:02:04,7402064,475416,0,0,544java
15:02:04,19376,632,92,0,774aapt2
15:02:04,19684,888,80,0,775aapt2
15:02:04,19396,648,84,0,776aapt2
15:02:04,19796,940,84,0,777aapt2
15:02:04,43652,24836,92,0,778aapt2
15:02:04,19656,796,80,0,779aapt2
15:02:04,19552,700,92,0,780aapt2
15:02:04,19380,636,92,0,781aapt2
15:02:07,5127856,93752,17472,47,1165java
15:02:07,2147483647,2147483647,0,5,401java
15:02:07,4280,68,0,0,1sh
15:02:07,124020,18176,13712,0,7circleci-a+
15:02:07,19744,1336,1048,0,30bash
15:02:07,42660,1112,664,0,31top
15:02:07,7118452,436388,0,0,340java
15:02:07,7402064,475416,0,0,544java
15:02:07,19376,632,92,0,774aapt2
15:02:07,19684,888,80,0,775aapt2
15:02:07,19396,648,84,0,776aapt2
15:02:07,19796,940,84,0,777aapt2
15:02:07,43652,24836,92,0,778aapt2
15:02:07,19656,796,80,0,779aapt2
15:02:07,19552,700,92,0,780aapt2
15:02:07,19380,636,92,0,781aapt2
15:02:10,5357524,423176,26912,610,1165java
15:02:10,2147483647,2147483647,0,2,401java
15:02:10,7118452,436388,0,0,340java
15:02:10,7402064,475416,0,0,544java
15:02:10,4280,68,0,0,1sh
15:02:10,124020,18176,13712,0,7circleci-a+
15:02:10,19744,1336,1048,0,30bash
15:02:10,42660,1112,664,0,31top
15:02:10,19376,632,92,0,774aapt2
15:02:10,19684,888,80,0,775aapt2
15:02:10,19396,648,84,0,776aapt2
15:02:10,19796,940,84,0,777aapt2
15:02:10,43652,24836,92,0,778aapt2
15:02:10,19656,796,80,0,779aapt2
15:02:10,19552,700,92,0,780aapt2
15:02:10,19380,636,92,0,781aapt2
15:02:13,5712988,578528,21980,405,1165java
15:02:13,124020,18176,13712,0,7circleci-a+
15:02:13,2147483647,2147483647,0,0,401java
15:02:13,7402064,475416,0,0,544java
15:02:13,4280,68,0,0,1sh
15:02:13,19744,1336,1048,0,30bash
15:02:13,42660,1024,576,0,31top
15:02:13,7118452,436388,0,0,340java
15:02:13,19376,632,92,0,774aapt2
15:02:13,19684,888,80,0,775aapt2
15:02:13,19396,648,84,0,776aapt2
15:02:13,19796,940,84,0,777aapt2
15:02:13,43652,24836,92,0,778aapt2
15:02:13,19656,796,80,0,779aapt2
15:02:13,19552,700,92,0,780aapt2
15:02:13,19380,636,92,0,781aapt2
15:02:16,5925524,593884,18000,305,1165java
15:02:16,2147483647,2147483647,0,0,401java
15:02:16,4280,68,0,0,1sh
15:02:16,124020,18176,13712,0,7circleci-a+
15:02:16,19744,1336,1048,0,30bash
15:02:16,42660,1024,576,0,31top
15:02:16,7118452,436388,0,0,340java
15:02:16,7402064,475416,0,0,544java
15:02:16,19376,632,92,0,774aapt2
15:02:16,19684,888,80,0,775aapt2
15:02:16,19396,648,84,0,776aapt2
15:02:16,19796,940,84,0,777aapt2
15:02:16,43652,24836,92,0,778aapt2
15:02:16,19656,796,80,0,779aapt2
15:02:16,19552,700,92,0,780aapt2
15:02:16,19380,636,92,0,781aapt2
15:02:19,5346896,276940,26268,247,1295java
15:02:19,2147483647,2147483647,0,1,401java
15:02:19,7118452,436388,0,0,340java
15:02:19,4280,68,0,0,1sh
15:02:19,124020,18176,13712,0,7circleci-a+
15:02:19,19744,1336,1048,0,30bash
15:02:19,42660,1024,576,0,31top
15:02:19,7402064,475416,0,0,544java
15:02:19,19376,632,92,0,774aapt2
15:02:19,19684,888,80,0,775aapt2
15:02:19,19396,648,84,0,776aapt2
15:02:19,19796,940,84,0,777aapt2
15:02:19,43652,24836,92,0,778aapt2
15:02:19,19656,796,80,0,779aapt2
15:02:19,19552,700,92,0,780aapt2
15:02:19,19380,636,92,0,781aapt2
15:02:22,5363668,534356,26688,610,1295java
15:02:22,7118452,436388,0,0,340java
15:02:22,2147483647,2147483647,0,0,401java
15:02:22,4280,68,0,0,1sh
15:02:22,124020,18176,13712,0,7circleci-a+
15:02:22,19744,1336,1048,0,30bash
15:02:22,42660,1024,576,0,31top
15:02:22,7402064,475416,0,0,544java
15:02:22,19376,632,92,0,774aapt2
15:02:22,19684,888,80,0,775aapt2
15:02:22,19396,648,84,0,776aapt2
15:02:22,19796,940,84,0,777aapt2
15:02:22,43652,24836,92,0,778aapt2
15:02:22,19656,796,80,0,779aapt2
15:02:22,19552,700,92,0,780aapt2
15:02:22,19380,636,92,0,781aapt2
15:02:25,5717084,571952,26684,339,1295java
15:02:25,2147483647,2147483647,0,1,401java
15:02:25,42660,1024,576,0,31top
15:02:25,4280,68,0,0,1sh
15:02:25,124020,18176,13712,0,7circleci-a+
15:02:25,19744,1336,1048,0,30bash
15:02:25,7118452,436388,0,0,340java
15:02:25,7402064,475416,0,0,544java
15:02:25,19376,632,92,0,774aapt2
15:02:25,19684,888,80,0,775aapt2
15:02:25,19396,648,84,0,776aapt2
15:02:25,19796,940,84,0,777aapt2
15:02:25,43652,24836,92,0,778aapt2
15:02:25,19656,796,80,0,779aapt2
15:02:25,19552,700,92,0,780aapt2
15:02:25,19380,636,92,0,781aapt2
15:02:28,5127836,53360,16972,22,1389java
15:02:28,2147483647,2147483647,0,13,401java
15:02:28,7118452,436556,0,3,340java
15:02:28,7402064,475416,0,1,544java
15:02:28,4280,68,0,0,1sh
15:02:28,124020,18176,13712,0,7circleci-a+
15:02:28,19744,1336,1048,0,30bash
15:02:28,42660,448,0,0,31top
15:02:28,19376,632,92,0,774aapt2
15:02:28,19684,888,80,0,775aapt2
15:02:28,19396,648,84,0,776aapt2
15:02:28,19796,940,84,0,777aapt2
15:02:28,43652,24836,92,0,778aapt2
15:02:28,19656,796,80,0,779aapt2
15:02:28,19552,700,92,0,780aapt2
15:02:28,19380,636,92,0,781aapt2
15:02:31,5355476,433276,26704,646,1389java
15:02:31,2147483647,2147483647,0,1,401java
15:02:31,4280,68,0,0,1sh
15:02:31,124020,18176,13712,0,7circleci-a+
15:02:31,19744,1336,1048,0,30bash
15:02:31,42660,448,0,0,31top
15:02:31,7118452,436556,0,0,340java
15:02:31,7402064,475416,0,0,544java
15:02:34,5576824,651816,15328,589,1389java
15:02:34,2147483647,2147483647,0,0,401java
15:02:34,4280,68,0,0,1sh
15:02:34,124020,18176,13712,0,7circleci-a+
15:02:34,19744,1336,1048,0,30bash
15:02:34,42660,2304,1856,0,31top
15:02:34,7118452,436556,0,0,340java
15:02:34,7402064,475416,0,0,544java
15:02:37,5782152,658704,0,532,1389java
15:02:37,2147483647,2147483647,0,3,401java
15:02:37,7118452,436596,0,1,340java
15:02:37,7402064,475416,0,1,544java
15:02:37,124020,18176,13712,0,7circleci-a+
15:02:37,4280,68,0,0,1sh
15:02:37,19744,1336,1048,0,30bash
15:02:37,42660,988,540,0,31top
15:02:56,0,0,0,200,1389java
15:02:56,2147483647,2147483647,0,245,401java
15:02:56,7118452,436908,0,129,340java
15:02:56,7402064,475540,0,123,544java
15:02:56,42660,448,0,65,31top
15:02:56,4280,68,0,0,1sh
15:02:56,124020,18176,13712,0,7circleci-a+
15:02:56,19744,1336,1048,0,30bash
15:02:59,5353428,410268,26424,87,1506java
15:02:59,42660,1716,1268,13,31top
15:02:59,7118452,436908,0,10,340java
15:02:59,7402064,475540,0,1,544java
15:02:59,2147483647,2147483647,0,1,401java
15:02:59,124020,18176,13712,0,7circleci-a+
15:02:59,4280,68,0,0,1sh
15:02:59,19744,1336,1048,0,30bash
15:03:02,5717628,587176,26800,418,1506java
15:03:02,7118452,436908,0,0,340java
15:03:02,2147483647,2147483647,0,0,401java
15:03:02,7402064,475540,0,0,544java
15:03:02,4280,68,0,0,1sh
15:03:02,124020,18176,13712,0,7circleci-a+
15:03:02,19744,1336,1048,0,30bash
15:03:02,42660,1672,1224,0,31top
15:03:05,5725832,630600,25640,715,1506java
15:03:05,2147483647,2147483647,0,0,401java
15:03:05,4280,68,0,0,1sh
15:03:05,124020,18176,13712,0,7circleci-a+
15:03:05,19744,1336,1048,0,30bash
15:03:05,42660,1672,1224,0,31top
15:03:05,7118452,436908,0,0,340java
15:03:05,7402064,475540,0,0,544java
15:03:08,5334084,180468,21432,100,1605java
15:03:08,2147483647,2147483647,0,1,401java
15:03:08,4280,68,0,0,1sh
15:03:08,124020,18176,13712,0,7circleci-a+
15:03:08,19744,1336,1048,0,30bash
15:03:08,42660,1584,1136,0,31top
15:03:08,7118452,436908,0,0,340java
15:03:08,7402064,475540,0,0,544java
15:03:11,5363668,522252,26472,653,1605java
15:03:11,7118452,445272,0,7,340java
15:03:11,2147483647,2147483647,0,0,401java
15:03:11,4280,68,0,0,1sh
15:03:11,124020,18176,13712,0,7circleci-a+
15:03:11,19744,1336,1048,0,30bash
15:03:11,42660,1584,1136,0,31top
15:03:11,7402064,475540,0,0,544java
15:03:14,5782152,603900,16940,698,1605java
15:03:14,7118452,445432,0,4,340java
15:03:14,42660,1508,1060,0,31top
15:03:14,2147483647,2147483647,0,0,401java
15:03:14,4280,68,0,0,1sh
15:03:14,124020,18176,13712,0,7circleci-a+
15:03:14,19744,1336,1048,0,30bash
15:03:14,7402064,475540,0,0,544java
15:03:17,5201100,129720,21524,78,1753java
15:03:17,2147483647,2147483647,0,2,401java
15:03:17,4280,68,0,0,1sh
15:03:17,124020,18176,13712,0,7circleci-a+
15:03:17,19744,1336,1048,0,30bash
15:03:17,42660,1508,1060,0,31top
15:03:17,7118452,445432,0,0,340java
15:03:17,7402064,475540,0,0,544java
15:03:20,5422188,337520,26764,564,1753java
15:03:20,2147483647,2147483647,0,0,401java
15:03:20,4280,68,0,0,1sh
15:03:20,124020,18176,13712,0,7circleci-a+
15:03:20,19744,1336,1048,0,30bash
15:03:20,42660,1508,1060,0,31top
15:03:20,7118452,445432,0,0,340java
15:03:20,7402064,475540,0,0,544java
15:03:23,5441008,530392,27152,536,1753java
15:03:23,7118452,445432,0,0,340java
15:03:23,2147483647,2147483647,0,0,401java
15:03:23,7402064,475540,0,0,544java
15:03:23,4280,68,0,0,1sh
15:03:23,124020,18176,13712,0,7circleci-a+
15:03:23,19744,1336,1048,0,30bash
15:03:23,42660,1508,1060,0,31top
15:03:26,5792380,575552,27044,478,1753java
15:03:26,2147483647,2147483647,0,1,401java
15:03:26,4280,68,0,0,1sh
15:03:26,124020,18176,13712,0,7circleci-a+
15:03:26,19744,1336,1048,0,30bash
15:03:26,42660,1508,1060,0,31top
15:03:26,7118452,445432,0,0,340java
15:03:26,7402064,475540,0,0,544java
15:03:29,5336132,241724,21568,157,1881java
15:03:29,2147483647,2147483647,0,1,401java
15:03:29,7402064,475540,0,0,544java
15:03:29,4280,68,0,0,1sh
15:03:29,124020,18176,13712,0,7circleci-a+
15:03:29,19744,1336,1048,0,30bash
15:03:29,42660,1480,1032,0,31top
15:03:29,7118452,445432,0,0,340java
15:03:32,5363668,504516,26540,535,1881java
15:03:32,7118452,445432,0,0,340java
15:03:32,2147483647,2147483647,0,0,401java
15:03:32,4280,68,0,0,1sh
15:03:32,124020,18176,13712,0,7circleci-a+
15:03:32,19744,1336,1048,0,30bash
15:03:32,42660,1480,1032,0,31top
15:03:32,7402064,475540,0,0,544java
15:03:35,5649020,539868,27224,204,1881java
15:03:35,2147483647,2147483647,0,0,401java
15:03:35,4280,68,0,0,1sh
15:03:35,124020,18176,13712,0,7circleci-a+
15:03:35,19744,1336,1048,0,30bash
15:03:35,42660,1480,1032,0,31top
15:03:35,7118452,445432,0,0,340java
15:03:35,7402064,475540,0,0,544java
15:03:46,0,0,0,100,1881java
15:03:46,2147483647,2147483647,0,76,401java
15:03:46,7118452,445436,0,46,340java
15:03:46,7402064,475544,0,30,544java
15:03:46,42660,1836,1388,28,31top
15:03:46,124020,18176,13712,0,7circleci-a+
15:03:46,4280,68,0,0,1sh
15:03:46,19744,1336,1048,0,30bash
15:03:49,5353428,401196,26772,286,1943java
15:03:49,2147483647,2147483647,0,1,401java
15:03:49,42660,1836,1388,0,31top
15:03:49,7118452,445692,0,0,340java
15:03:49,7402064,475544,0,0,544java
15:03:49,4280,68,0,0,1sh
15:03:49,124020,18176,13712,0,7circleci-a+
15:03:49,19744,1336,1048,0,30bash
15:03:52,5509636,554932,27440,405,1943java
15:03:52,7118452,445692,0,0,340java
15:03:52,2147483647,2147483647,0,0,401java
15:03:52,4280,68,0,0,1sh
15:03:52,124020,18176,13712,0,7circleci-a+
15:03:52,19744,1336,1048,0,30bash
15:03:52,42660,1836,1388,0,31top
15:03:52,7402064,475544,0,0,544java
15:03:55,5790344,629720,19860,881,1943java
15:03:55,2147483647,2147483647,0,0,401java
15:03:55,4280,68,0,0,1sh
15:03:55,124020,18176,13712,0,7circleci-a+
15:03:55,19744,1336,1048,0,30bash
15:03:55,42660,1836,1388,0,31top
15:03:55,7118452,445692,0,0,340java
15:03:55,7402064,475544,0,0,544java
15:03:58,5351980,369912,26524,389,2103java
15:03:58,2147483647,2147483647,0,1,401java
15:03:58,4280,68,0,0,1sh
15:03:58,124020,18176,13712,0,7circleci-a+
15:03:58,19744,1336,1048,0,30bash
15:03:58,42660,1824,1376,0,31top
15:03:58,7118452,445692,0,0,340java
15:03:58,7402064,475544,0,0,544java
15:04:01,5708892,564472,26920,488,2103java
15:04:01,2147483647,2147483647,0,1,401java
15:04:01,124020,18176,13712,0,7circleci-a+
15:04:01,4280,68,0,0,1sh
15:04:01,19744,1336,1048,0,30bash
15:04:01,42660,1824,1376,0,31top
15:04:01,7118452,445692,0,0,340java
15:04:01,7402064,475544,0,0,544java
15:04:04,5725828,595872,20868,503,2103java
15:04:04,2147483647,2147483647,0,2,401java
15:04:04,7118452,445692,0,0,340java
15:04:04,4280,68,0,0,1sh
15:04:04,124020,18176,13712,0,7circleci-a+
15:04:04,19744,1336,1048,0,30bash
15:04:04,42660,1756,1308,0,31top
15:04:04,7402064,475544,0,0,544java
15:04:07,5409392,268128,22060,218,2267java
15:04:07,2147483647,2147483647,0,1,401java
15:04:07,4280,68,0,0,1sh
15:04:07,124020,18176,13712,0,7circleci-a+
15:04:07,19744,1336,1048,0,30bash
15:04:07,42660,1756,1308,0,31top
15:04:07,7118452,445692,0,0,340java
15:04:07,7402064,475544,0,0,544java
15:04:10,5428408,373512,26716,584,2267java
15:04:10,124020,18176,13712,0,7circleci-a+
15:04:10,7118452,445692,0,0,340java
15:04:10,7402064,475544,0,0,544java
15:04:10,4280,68,0,0,1sh
15:04:10,19744,1336,1048,0,30bash
15:04:10,42660,1756,1308,0,31top
15:04:10,2147483647,2147483647,0,0,401java
15:04:13,5576184,538600,27028,388,2267java
15:04:13,2147483647,2147483647,0,1,401java
15:04:13,4280,68,0,0,1sh
15:04:13,124020,18176,13712,0,7circleci-a+
15:04:13,19744,1336,1048,0,30bash
15:04:13,42660,1756,1308,0,31top
15:04:13,7118452,445692,0,0,340java
15:04:13,7402064,475544,0,0,544java
15:04:16,5790328,593180,19020,413,2267java
15:04:16,2147483647,2147483647,0,0,401java
15:04:16,4280,68,0,0,1sh
15:04:16,124020,18176,13712,0,7circleci-a+
15:04:16,19744,1336,1048,0,30bash
15:04:16,42660,1736,1288,0,31top
15:04:16,7118452,445692,0,0,340java
15:04:16,7402064,475544,0,0,544java
15:04:19,5346972,326516,26372,328,2359java
15:04:19,2147483647,2147483647,0,1,401java
15:04:19,7118452,445692,0,0,340java
15:04:19,4280,68,0,0,1sh
15:04:19,124020,18176,13712,0,7circleci-a+
15:04:19,19744,1336,1048,0,30bash
15:04:19,42660,1736,1288,0,31top
15:04:19,7402064,475544,0,0,544java
15:04:22,5365716,557188,26748,452,2359java
15:04:22,42660,1736,1288,0,31top
15:04:22,2147483647,2147483647,0,0,401java
15:04:22,7402064,475544,0,0,544java
15:04:22,4280,68,0,0,1sh
15:04:22,124020,18176,13712,0,7circleci-a+
15:04:22,19744,1336,1048,0,30bash
15:04:22,7118452,445692,0,0,340java
